participant,xdf_file,round_index,condition,condition_group,predictability,start_xdf_time,end_xdf_time,duration_sec,marker_stream,eda_stream,hr_stream,eda_n_samples,eda_mean,eda_median,eda_sd,eda_min,eda_max,eda_range,eda_start,eda_end,eda_change,eda_slope,eda_baseline_n_samples,eda_local_baseline,delta_eda_local,hr_n_samples,hr_mean,hr_median,hr_sd,hr_min,hr_max,hr_range,hr_start,hr_end,hr_change,hr_slope,hr_baseline_n_samples,hr_local_baseline,delta_hr_local
P04,labrecorder_P04.xdf,1,C1_No_Distraction,No distraction,None,95832.7536924698,95892.4007861915,59.647093721694546,Triggers,EDA,HR,894.0,2.914676487579175,2.9409520626068115,0.22148005018308586,2.3727610111236572,3.457084894180298,1.0843238830566406,2.40578293800354,3.264475107192993,0.8586921691894531,0.012389600080702928,136.0,2.3769542662536396,0.5377222213255353,98.0,107.68367346938776,109.0,6.61082670060821,85.0,123.0,38.0,117.0,110.0,-7.0,0.13988073614003402,15.0,111.93333333333334,-4.249659863945581
P04,labrecorder_P04.xdf,2,C2_Visual_Predictable,Visual only,Predictable,96004.83236124387,96067.82534676115,62.99298551728134,Triggers,EDA,HR,944.0,4.487635969610538,4.45928955078125,0.2555292009091254,4.024518013000488,4.889737129211426,0.8652191162109375,4.192924976348877,4.838420867919922,0.6454958915710449,0.0137620674143042,225.0,3.9279145219590927,0.5597214476514449,100.0,106.18,107.0,7.637467452690656,78.0,128.0,50.0,128.0,101.0,-27.0,-0.16651830498933812,26.0,109.23076923076923,-3.0507692307692196
P04,labrecorder_P04.xdf,3,C3_Visual_Unpredictable,Visual only,Unpredictable,96164.95304893362,96224.43563245553,59.482583521908964,Triggers,EDA,HR,892.0,5.810801712921382,5.800396919250488,0.15231666201450855,5.422817230224609,6.134932041168213,0.7121148109436035,5.518002986907959,6.097041130065918,0.579038143157959,0.008390396573056381,225.0,5.469502020941841,0.34129969197954146,102.0,103.74509803921569,103.0,3.2630128655263038,95.0,111.0,16.0,105.0,98.0,-7.0,0.008848797644482497,21.0,96.95238095238095,6.792717086834742
P04,labrecorder_P04.xdf,4,C4_Audio_Predictable,Audio only,Predictable,96300.80057215525,96350.33521719021,49.534645034960704,Triggers,EDA,HR,742.0,6.9545929386930645,6.934813022613525,0.18996113134507106,6.425662040710449,7.498894214630127,1.0732321739196777,6.785089015960693,7.331861972808838,0.5467729568481445,0.01207592010547211,225.0,6.574501626756456,0.3800913119366083,85.0,106.49411764705883,104.0,10.292881878606536,95.0,154.0,59.0,105.0,112.0,7.0,0.27550333747356653,26.0,103.5,2.994117647058829
P04,labrecorder_P04.xdf,5,C5_VisualPredictable_AudioPredictable,Combined visual + audio,Predictable,96425.86497169104,96479.63926592043,53.774294229384395,Triggers,EDA,HR,806.0,8.063120124357805,8.058147430419922,0.1359803705027612,7.733713150024414,8.42133617401123,0.6876230239868164,7.777198791503906,8.390669822692871,0.6134710311889648,0.008156806575125793,225.0,7.662291257646348,0.400828866711457,84.0,102.72619047619048,103.0,6.308057938163972,77.0,120.0,43.0,120.0,111.0,-9.0,-0.0697358001360381,26.0,107.07692307692308,-4.350732600732599
P04,labrecorder_P04.xdf,6,C6_VisualUnpredictable_AudioPredictable,Combined visual + audio,Mixed,96555.60515102067,96604.06193215706,48.45678113638132,Triggers,EDA,HR,726.0,8.871463247567169,8.863990783691406,0.11546039164594277,8.51469612121582,9.121174812316895,0.6064786911010742,8.653214454650879,9.109210014343262,0.4559955596923828,0.007022608886540455,225.0,8.599491721259223,0.2719715263079454,81.0,105.29629629629629,106.0,4.2908170680082725,94.0,114.0,20.0,104.0,102.0,-2.0,-0.13447961165509156,25.0,102.16,3.136296296296294
P04,labrecorder_P04.xdf,7,C7_Audio_Unpredictable,Audio only,Unpredictable,96669.84740557068,96720.65480900396,50.80740343328216,Triggers,EDA,HR,761.0,9.520009740110138,9.510132789611816,0.0920368600162563,9.305268287658691,9.765243530273438,0.4599752426147461,9.4840669631958,9.751530647277832,0.26746368408203125,0.004543364314423835,225.0,9.412189093695746,0.10782064641439248,80.0,109.2625,107.0,8.865726568924666,96.0,143.0,47.0,105.0,111.0,6.0,-0.020376568710719876,25.0,102.8,6.462500000000006
P04,labrecorder_P04.xdf,8,C8_VisualPredictable_AudioUnpredictable,Combined visual + audio,Mixed,96776.76730133028,96815.14381127991,38.37650994962314,Triggers,EDA,HR,576.0,9.925091104374992,9.948070526123047,0.08263989816377518,9.589290618896484,10.107953071594238,0.5186624526977539,9.683260917663574,10.09326171875,0.4100008010864258,0.005674799270972213,224.0,9.714996086699623,0.21009501767536953,66.0,106.5909090909091,107.0,2.660117248585817,101.0,113.0,12.0,108.0,110.0,2.0,-0.041264981838073284,26.0,106.23076923076923,0.3601398601398671
P04,labrecorder_P04.xdf,9,C9_VisualUnpredictable_AudioUnpredictable,Combined visual + audio,Unpredictable,96881.53264919273,96923.88612463712,42.35347544439719,Triggers,EDA,HR,635.0,10.569559585391067,10.571606636047363,0.07507056380118945,10.349930763244629,10.735718727111816,0.3857879638671875,10.475591659545898,10.636713981628418,0.16112232208251953,0.0012968369583417811,225.0,10.493039843241373,0.07651974214969393,74.0,107.87837837837837,105.0,8.651474975524627,98.0,143.0,45.0,103.0,104.0,1.0,-0.24159724391845036,25.0,102.4,5.478378378378366
P05,labrecorder_P05.xdf,1,C1_No_Distraction,No distraction,None,97598.62393708466,97649.19136580004,50.56742871538154,Triggers,EDA,HR,757.0,3.935061315249263,3.9374420642852783,0.1416848830323934,3.660214900970459,4.27324914932251,0.6130342483520508,3.9085090160369873,3.660214900970459,-0.24829411506652832,-0.007921402033819473,224.0,4.0718924797007015,-0.1368311644514386,64.0,95.359375,94.5,11.26078627537538,59.0,124.0,65.0,99.0,91.0,-8.0,-0.4444087855364174,22.0,100.0,-4.640625
P05,labrecorder_P05.xdf,2,C2_Visual_Predictable,Visual only,Predictable,97715.48862845135,97749.77568572959,34.287057278241264,Triggers,EDA,HR,513.0,4.112870330234252,4.1057820320129395,0.05632116996277473,3.9396910667419434,4.257474899291992,0.31778383255004883,3.964524984359741,4.045716762542725,0.0811917781829834,-0.00012205042464024658,225.0,3.931353268093533,0.1815170621407196,49.0,96.48979591836735,94.0,12.441734955683753,78.0,134.0,56.0,129.0,97.0,-32.0,-0.8038694118356412,26.0,106.34615384615384,-9.85635792778649
P05,labrecorder_P05.xdf,3,C3_Visual_Unpredictable,Visual only,Unpredictable,97805.95154135778,97857.19537597471,51.24383461693651,Triggers,EDA,HR,767.0,3.819540232381112,3.8010671138763428,0.2001868748917251,3.493767023086548,4.218502044677734,0.7247350215911865,4.192924976348877,3.493767023086548,-0.6991579532623291,-0.013464615118373744,224.0,3.9896127602883746,-0.17007252790726257,82.0,110.5,101.0,29.05305916618042,85.0,255.0,170.0,97.0,106.0,9.0,1.1583421468008754,23.0,100.30434782608695,10.195652173913047
P05,labrecorder_P05.xdf,4,C4_Audio_Predictable,Audio only,Predictable,97907.56190088965,97965.65833122224,58.09643033258908,Triggers,EDA,HR,870.0,3.8243241258051204,3.825255036354065,0.13752107235110742,3.5548479557037354,4.093628883361816,0.538780927658081,3.603005886077881,3.5566680431365967,-0.04633784294128418,-0.0067930591768202726,224.0,3.676389316362994,0.14793480944212645,94.0,101.23404255319149,101.0,6.29289671561822,84.0,122.0,38.0,84.0,94.0,10.0,-0.11366394978052201,20.0,97.95,3.284042553191483
P05,labrecorder_P05.xdf,5,C5_VisualPredictable_AudioPredictable,Combined visual + audio,Predictable,98006.50211721544,98051.21656561748,44.714448402039125,Triggers,EDA,HR,669.0,4.138871317665317,4.142673015594482,0.33654714616937803,3.9989280700683594,12.639348983764648,8.640420913696289,4.081549167633057,4.022185802459717,-0.059363365173339844,-0.004380050155891182,225.0,4.088034140268961,0.05083717739635585,62.0,99.45161290322581,100.0,9.498364689888774,66.0,115.0,49.0,108.0,93.0,-15.0,-0.23010793134489724,18.0,109.83333333333333,-10.38172043010752
P05,labrecorder_P05.xdf,6,C6_VisualUnpredictable_AudioPredictable,Combined visual + audio,Mixed,98086.17071049723,98155.60385635568,69.43314585844928,Triggers,EDA,HR,1039.0,3.9515648767050924,3.9531939029693604,0.06911905129387107,3.582469940185547,4.1501359939575195,0.5676660537719727,4.1501359939575195,3.81154203414917,-0.3385939598083496,-0.0010478441738484886,225.0,3.945452234480116,0.006112642224976206,118.0,104.55932203389831,105.0,4.781628612304189,96.0,116.0,20.0,112.0,114.0,2.0,-0.010597178338732739,24.0,101.75,2.8093220338983116
P05,labrecorder_P05.xdf,7,C7_Audio_Unpredictable,Audio only,Unpredictable,98207.26990337358,98238.24780994428,30.977906570697087,Triggers,EDA,HR,463.0,4.107792708065288,4.069540977478027,0.07887964127869257,4.003554821014404,4.270620822906494,0.26706600189208984,4.177738189697266,4.145145893096924,-0.0325922966003418,0.0008908060596687728,225.0,3.899049217436049,0.20874349062923914,46.0,101.34782608695652,103.5,6.989571251528469,83.0,112.0,29.0,94.0,101.0,7.0,-0.13930590541160834,23.0,133.30434782608697,-31.95652173913045
P05,labrecorder_P05.xdf,8,C8_VisualPredictable_AudioUnpredictable,Combined visual + audio,Mixed,98303.38483599291,98346.5006081913,43.115772198390914,Triggers,EDA,HR,645.0,4.280928749261901,4.297156810760498,0.11059455305777573,4.069540977478027,4.492605209350586,0.4230642318725586,4.440674781799316,4.076724052429199,-0.3639507293701172,-0.00881197211583613,225.0,4.411905790964762,-0.13097704170286129,68.0,98.19117647058823,100.0,10.166167702700863,55.0,111.0,56.0,55.0,111.0,56.0,0.18296808049168545,9.0,91.66666666666667,6.5245098039215605
P05,labrecorder_P05.xdf,9,C9_VisualUnpredictable_AudioUnpredictable,Combined visual + audio,Unpredictable,98382.01577307236,98423.38876136676,41.3729882944026,Triggers,EDA,HR,619.0,4.069439500907318,4.083950042724609,0.08667520718956291,3.9107110500335693,4.257474899291992,0.34676384925842285,3.9554460048675537,4.04099178314209,0.08554577827453613,0.003313483034087255,224.0,3.961980033133711,0.10745946777360738,71.0,130.67605633802816,120.0,30.1267677123979,102.0,246.0,144.0,102.0,110.0,8.0,0.21025144772451299,24.0,113.66666666666667,17.00938967136149
P06,labrecorder_P06.xdf,1,C1_No_Distraction,No distraction,None,99473.01952320569,99510.99876569826,37.97924249256903,Triggers,EDA,HR,568.0,0.5614589768606173,0.560680478811264,0.006547628814307858,0.5488860011100769,0.5882019996643066,0.039315998554229736,0.5682839751243591,0.5500209927558899,-0.01826298236846924,-0.00041893081034168885,225.0,0.5620904686715867,-0.0006314918109694423,52.0,86.36538461538461,85.0,4.789812907860567,80.0,102.0,22.0,99.0,95.0,-4.0,0.006559027278594801,22.0,89.04545454545455,-2.6800699300699335
P06,labrecorder_P06.xdf,2,C2_Visual_Predictable,Visual only,Predictable,99641.2693023727,99698.79150896144,57.52220658873557,Triggers,EDA,HR,861.0,0.5522320352226461,0.5536320209503174,0.022536696869899134,0.4066289961338043,0.6479529738426208,0.24132397770881653,0.5799130201339722,0.436924010515213,-0.14298900961875916,-0.0009662504516438879,224.0,0.5578941394175801,-0.00566210419493407,77.0,83.92207792207792,83.0,5.931109405779154,76.0,106.0,30.0,82.0,78.0,-4.0,-0.019678492280379337,20.0,82.2,1.722077922077915
P06,labrecorder_P06.xdf,3,C3_Visual_Unpredictable,Visual only,Unpredictable,99783.58939344481,99822.49527813718,38.90588469237264,Triggers,EDA,HR,583.0,0.5547856485046203,0.5557680130004883,0.006961547622273819,0.5268849730491638,0.5680040121078491,0.0411190390586853,0.543192982673645,0.5609989762306213,0.01780599355697632,0.0005196806673388098,224.0,0.5276261848796692,0.02715946362495114,55.0,85.54545454545455,85.0,5.442691946352983,74.0,99.0,25.0,76.0,80.0,4.0,-0.15078914686668723,19.0,78.94736842105263,6.598086124401917
P06,labrecorder_P06.xdf,4,C4_Audio_Predictable,Audio only,Predictable,99884.44520132506,99937.96672111456,53.521519789501326,Triggers,EDA,HR,801.0,0.585618684131108,0.5883010029792786,0.009985847296551546,0.5605440139770508,0.6159740090370178,0.05542999505996704,0.597091019153595,0.5648019909858704,-0.03228902816772461,-0.0005162950775026693,224.0,0.5839746160698789,0.001644068061229076,71.0,82.46478873239437,82.0,3.116000118813005,77.0,91.0,14.0,87.0,80.0,-7.0,-0.12212003750635504,20.0,82.6,-0.13521126760562652
P06,labrecorder_P06.xdf,5,C5_VisualPredictable_AudioPredictable,Combined visual + audio,Predictable,99989.12556610453,100029.44499029663,40.319424192100996,Triggers,EDA,HR,604.0,0.5623327804519641,0.5639730095863342,0.0073182511398789145,0.545894980430603,0.576816976070404,0.030921995639801025,0.5594099760055542,0.5459809899330139,-0.013428986072540283,-0.000543399783845431,225.0,0.5510518929693434,0.011280887482620683,55.0,82.8,82.0,3.8171154515380294,76.0,92.0,16.0,83.0,81.0,-2.0,-0.2511825675488498,20.0,81.25,1.5499999999999972
P06,labrecorder_P06.xdf,6,C6_VisualUnpredictable_AudioPredictable,Combined visual + audio,Mixed,100084.50606338584,100135.69512527582,51.18906188997789,Triggers,EDA,HR,766.0,0.5587047896403868,0.5590940117835999,0.008604804634382944,0.544605016708374,0.7409240007400513,0.19631898403167725,0.5677239894866943,0.5453789830207825,-0.022345006465911865,-0.000312429069319822,225.0,0.5537540753682454,0.004950714272141443,65.0,79.07692307692308,78.0,2.774367564800199,76.0,86.0,10.0,85.0,77.0,-8.0,-0.09134602600225146,20.0,79.85,-0.7730769230769141
P06,labrecorder_P06.xdf,7,C7_Audio_Unpredictable,Audio only,Unpredictable,100181.32031716686,100217.79600165972,36.475684492863365,Triggers,EDA,HR,546.0,0.5843448864889669,0.586555004119873,0.008640991547658478,0.5609989762306213,0.6015059947967529,0.04050701856613159,0.5609989762306213,0.5695949792861938,0.00859600305557251,-0.0006228137219549185,225.0,0.5556012596024408,0.028743626886526097,48.0,79.85416666666667,80.0,1.5843595032255124,77.0,84.0,7.0,84.0,80.0,-4.0,-0.03794017411908875,20.0,80.8,-0.9458333333333258
P06,labrecorder_P06.xdf,8,C8_VisualPredictable_AudioUnpredictable,Combined visual + audio,Mixed,100275.81761634833,100313.13479414103,37.31717779270548,Triggers,EDA,HR,559.0,0.6146976814500335,0.615041971206665,0.009572250396625695,0.5965750217437744,0.6424139738082886,0.04583895206451416,0.6266360282897949,0.5976070165634155,-0.029029011726379395,-0.000844264612628534,224.0,0.6131499002554587,0.001547781194574771,48.0,78.4375,78.0,2.5256661223728933,73.0,84.0,11.0,80.0,75.0,-5.0,-0.14903853572362147,19.0,79.63157894736842,-1.1940789473684248
P06,labrecorder_P06.xdf,9,C9_VisualUnpredictable_AudioUnpredictable,Combined visual + audio,Unpredictable,100371.19959502966,100410.80329662187,39.603701592219295,Triggers,EDA,HR,593.0,0.6364987125686208,0.6346889734268188,0.011495551337909997,0.6209530234336853,0.6597620248794556,0.038809001445770264,0.6248239874839783,0.6229100227355957,-0.0019139647483825684,-0.0009021891953103894,224.0,0.6141351136778083,0.02236359889081252,53.0,82.32075471698113,82.0,2.4944059328645802,78.0,89.0,11.0,79.0,80.0,1.0,-0.05307754032830684,19.0,79.0,3.320754716981128
P07,labrecorder_P07.xdf,1,C1_No_Distraction,No distraction,None,689.3697014384743,760.4681735257823,71.09847208730798,Triggers,EDA,HR,1068.0,2.9669251011105513,2.9547860622406006,0.08265853482428512,2.782377004623413,3.167283058166504,0.3849060535430908,2.782377004623413,3.1643869876861572,0.38200998306274414,0.0036406249262867585,226.0,2.723972895504099,0.24295220560645214,118.0,117.0677966101695,115.0,23.461817977213226,73.0,174.0,101.0,73.0,135.0,62.0,0.6444719776416564,17.0,104.17647058823529,12.891326021934205
P07,labrecorder_P07.xdf,2,C2_Visual_Predictable,Visual only,Predictable,870.6727760611121,952.9344208621284,82.26164480101625,Triggers,EDA,HR,1235.0,3.693730106817083,3.6582870483398438,0.09871280945089837,3.460542917251587,3.893095016479492,0.4325520992279053,3.5566680431365967,3.893095016479492,0.3364269733428955,0.003610733447427443,226.0,3.5957116911896563,0.09801841562742686,136.0,120.01470588235294,118.0,28.83182020284447,80.0,258.0,178.0,89.0,118.0,29.0,0.052439495268400166,21.0,91.28571428571429,28.72899159663865
P07,labrecorder_P07.xdf,3,C3_Visual_Unpredictable,Visual only,Unpredictable,1065.028937499779,1124.9609292733746,59.931991773595655,Triggers,EDA,HR,901.0,3.9331867282054533,3.93072509765625,0.06069956822450849,3.603005886077881,4.356729030609131,0.75372314453125,3.9509449005126953,4.038641929626465,0.08769702911376953,3.445571966296891e-05,225.0,3.8913211599985758,0.04186556820687759,88.0,101.32954545454545,96.5,17.53402052163401,78.0,157.0,79.0,96.0,89.0,-7.0,-0.10148188625477936,25.0,120.12,-18.79045454545455
P07,labrecorder_P07.xdf,4,C4_Audio_Predictable,Audio only,Predictable,1188.6285543515578,1230.2534034026726,41.62484905111478,Triggers,EDA,HR,625.0,4.362548094177246,4.378800868988037,0.07409768295868972,4.036262035369873,4.46074104309082,0.42447900772094727,4.038641929626465,4.40109920501709,0.362457275390625,0.002527570061307335,225.0,3.983545791837904,0.37900230233934185,65.0,102.92307692307692,98.0,15.507364875587838,75.0,137.0,62.0,75.0,116.0,41.0,-0.1567244609383732,20.0,86.8,16.123076923076923
P07,labrecorder_P07.xdf,5,C5_VisualPredictable_AudioPredictable,Combined visual + audio,Predictable,1290.6375092768235,1332.3288060280197,41.691296751196205,Triggers,EDA,HR,626.0,4.9181269601511115,4.935102939605713,0.059737289389078144,4.738932132720947,5.013837814331055,0.2749056816101074,4.7519707679748535,4.974184036254883,0.2222132682800293,0.004179351400353169,226.0,4.763823977613871,0.1543029825372404,61.0,96.18032786885246,95.0,13.45177583904979,71.0,138.0,67.0,85.0,96.0,11.0,0.5340131757539988,21.0,93.04761904761905,3.1327088212334075
P07,labrecorder_P07.xdf,6,C6_VisualUnpredictable_AudioPredictable,Combined visual + audio,Mixed,1403.164337615005,1462.2925434876138,59.12820587260876,Triggers,EDA,HR,888.0,4.826697643275733,4.838420867919922,0.07974823530110862,4.643453121185303,4.970573902130127,0.3271207809448242,4.674862861633301,4.938662052154541,0.26379919052124023,0.0010471064625583609,225.0,4.739530682033963,0.08716696124177048,88.0,101.05681818181819,93.0,21.1917127342327,79.0,179.0,100.0,79.0,94.0,15.0,-0.6791254058199503,24.0,99.41666666666667,1.6401515151515156
P07,labrecorder_P07.xdf,7,C7_Audio_Unpredictable,Audio only,Unpredictable,1518.35680955646,1561.6877982096698,43.33098865320994,Triggers,EDA,HR,651.0,4.884364991693452,4.889737129211426,0.06322933386886688,4.643453121185303,5.010221004486084,0.36676788330078125,4.719541072845459,4.821554183959961,0.10201311111450195,0.0018198741551172582,226.0,4.840445645087589,0.04391934660586383,67.0,103.44776119402985,98.0,18.44917965006275,77.0,164.0,87.0,84.0,98.0,14.0,0.051006335890972664,21.0,97.76190476190476,5.685856432125092
P07,labrecorder_P07.xdf,8,C8_VisualPredictable_AudioUnpredictable,Combined visual + audio,Mixed,1620.8988709823802,1661.5355953322817,40.63672434990144,Triggers,EDA,HR,611.0,4.946315130118262,4.959898948669434,0.05947630843857918,4.706679821014404,5.046782970428467,0.3401031494140625,4.875932216644287,5.013837814331055,0.13790559768676758,0.002335521520678406,225.0,4.7483424970838755,0.19797263303438672,66.0,113.54545454545455,115.0,16.712208175399866,84.0,154.0,70.0,126.0,116.0,-10.0,-0.04357418064563505,24.0,107.04166666666667,6.503787878787875
P07,labrecorder_P07.xdf,9,C9_VisualUnpredictable_AudioUnpredictable,Combined visual + audio,Unpredictable,1720.3104921044564,1756.0810917483825,35.77059964392606,Triggers,EDA,HR,537.0,4.8892892858835575,4.889737129211426,0.03574309917326697,4.784849166870117,4.959898948669434,0.1750497817993164,4.788147926330566,4.87251091003418,0.08436298370361328,0.001058565290088541,226.0,4.7124065635478605,0.17688272233569702,53.0,104.18867924528301,103.0,15.659915271130432,68.0,148.0,80.0,90.0,108.0,18.0,-0.07132258575128715,22.0,105.31818181818181,-1.1295025728988008
P08,labrecorder_P08.xdf,1,C1_No_Distraction,No distraction,None,2209.669268876986,2258.291812696345,48.62254381935918,Triggers,EDA,HR,729.0,1.2890299322346765,1.2919050455093384,0.055445213966782946,0.8492140173912048,2.049873113632202,1.2006590962409973,1.1785030364990234,1.2982109785079956,0.11970794200897217,0.0012372272832675518,121.0,1.2365123683756047,0.0525175638590718,60.0,100.55,103.5,13.456048983163228,69.0,123.0,54.0,98.0,91.0,-7.0,0.2622094753478995,12.0,99.83333333333333,0.7166666666666686
P08,labrecorder_P08.xdf,2,C2_Visual_Predictable,Visual only,Predictable,2318.889615020472,2362.1981178377146,43.3085028172427,Triggers,EDA,HR,650.0,1.3347366661291855,1.3305639624595642,0.019439258575883012,1.261499047279358,1.507032036781311,0.24553298950195312,1.3358319997787476,1.4022040367126465,0.06637203693389893,-0.0002442333482173154,225.0,1.3154769765006171,0.01925968962856839,54.0,100.66666666666667,100.0,15.064640594000743,59.0,126.0,67.0,88.0,101.0,13.0,0.4448677345056897,24.0,95.54166666666667,5.125
P08,labrecorder_P08.xdf,3,C3_Visual_Unpredictable,Visual only,Unpredictable,2407.392323055709,2456.167357375128,48.77503431941932,Triggers,EDA,HR,732.0,1.3631947682203491,1.3610780239105225,0.015374025561444049,1.2926290035247803,1.5667920112609863,0.27416300773620605,1.3327419757843018,1.339455008506775,0.0067130327224731445,-7.92770846162423e-05,225.0,1.3292245483398437,0.033970219880505415,50.0,103.68,106.5,14.456747594822572,63.0,123.0,60.0,86.0,112.0,26.0,0.4905841735076177,25.0,102.56,1.1200000000000045
P08,labrecorder_P08.xdf,4,C4_Audio_Predictable,Audio only,Predictable,2498.9052136921446,2543.0649461097264,44.159732417581836,Triggers,EDA,HR,663.0,1.4427841396533165,1.4410719871520996,0.029944683728375287,1.2537219524383545,1.6489980220794678,0.3952760696411133,1.5050630569458008,1.405339002609253,-0.09972405433654785,0.0008565576297864968,225.0,1.394548241297404,0.048235898355912576,38.0,84.05263157894737,83.0,12.973876805878454,59.0,109.0,50.0,95.0,82.0,-13.0,-0.442339792761169,20.0,99.65,-15.597368421052636
P08,labrecorder_P08.xdf,5,C5_VisualPredictable_AudioPredictable,Combined visual + audio,Predictable,2584.308661626147,2633.9415905459086,49.632928919761525,Triggers,EDA,HR,745.0,1.459814599056372,1.457474946975708,0.02667029462802472,1.3294110298156738,1.7199660539627075,0.3905550241470337,1.499513030052185,1.4398720264434814,-0.05964100360870361,-0.0005350175829635462,225.0,1.4543046135372586,0.005509985519113414,63.0,100.60317460317461,102.0,14.572997214844333,68.0,122.0,54.0,85.0,120.0,35.0,0.6998321384935977,22.0,102.0,-1.3968253968253919
P08,labrecorder_P08.xdf,6,C6_VisualUnpredictable_AudioPredictable,Combined visual + audio,Mixed,2668.025086859479,2703.814178173728,35.78909131424916,Triggers,EDA,HR,537.0,1.4545811550133276,1.4571690559387207,0.026842331804906402,1.3055649995803833,1.5259909629821777,0.22042596340179443,1.3828539848327637,1.420935034751892,0.03808104991912842,-0.0004061010251277309,225.0,1.4590250804689195,-0.004443925455591913,38.0,83.21052631578948,81.0,17.593238711623098,58.0,115.0,57.0,75.0,115.0,40.0,1.245061546649297,17.0,93.52941176470588,-10.318885448916404
P08,labrecorder_P08.xdf,7,C7_Audio_Unpredictable,Audio only,Unpredictable,2736.5374308867567,2770.443035100256,33.90560421349937,Triggers,EDA,HR,509.0,1.466034470466359,1.4695570468902588,0.028642493069321803,1.3140020370483398,1.5876619815826416,0.27365994453430176,1.4110759496688843,1.4336010217666626,0.02252507209777832,-0.00047282307354476976,225.0,1.4708144680658977,-0.004779997599538621,38.0,92.60526315789474,94.5,12.893617683020668,61.0,115.0,54.0,115.0,87.0,-28.0,-0.48537188740484855,20.0,98.95,-6.344736842105263
P08,labrecorder_P08.xdf,8,C8_VisualPredictable_AudioUnpredictable,Combined visual + audio,Mixed,2798.600940211467,2832.8401053250996,34.23916511363268,Triggers,EDA,HR,514.0,1.454015995046044,1.454105019569397,0.023316343907024556,1.3640309572219849,1.7499990463256836,0.38596808910369873,1.4159870147705078,1.3640309572219849,-0.05195605754852295,-0.0005069026552376227,225.0,1.457770299911499,-0.003754304865454916,44.0,99.13636363636364,100.5,10.906773890656336,71.0,115.0,44.0,107.0,113.0,6.0,0.16152600050295546,22.0,95.0,4.13636363636364
P08,labrecorder_P08.xdf,9,C9_VisualUnpredictable_AudioUnpredictable,Combined visual + audio,Unpredictable,2868.675818339367,2907.0042896546274,38.32847131526023,Triggers,EDA,HR,575.0,1.4189570586577707,1.4191850423812866,0.03194770634854206,1.2528129816055298,1.5611339807510376,0.3083209991455078,1.3659169673919678,1.3605420589447021,-0.005374908447265625,-0.0006245571024684358,225.0,1.4538934146033393,-0.03493635594556865,60.0,98.26666666666667,100.0,4.991065463733854,83.0,108.0,25.0,100.0,103.0,3.0,0.13918420723394898,24.0,103.25,-4.983333333333334
