Participant,Round,Condition,CompletionTime_s,CompletionTime_from_timestamps_s,Matches,Mismatches,Rechecks,CardFlips,AvgThinkingTime_s,MedianThinkingTime_s,MaxThinkingTime_s,DistractorOnEvents,DistractorOffEvents,MentalDemand,PhysicalDemand,TemporalDemand,PerformanceSatisfaction,Effort,Frustration,ConditionNumber,Visual,Audio,Workload_mean_without_Q4,NASA_TLX_simple_mean_all_Qs
P01,1,C1_VisualOff_AudioOff,46.32,46.322,8,7,14,30,1.3451724137931036,1.34,2.48,1,5,20,5,0,80,50,53,1,Off,Off,25.6,34.666666666666664
P01,2,C2_VisualPredictable_AudioOff,65.5,65.506,8,10,20,36,5.566111111111112,1.19,141.75,2,2,40,5,3,40,50,43,2,Predictable,Off,28.2,30.166666666666668
P01,3,C3_VisualUnpredictable_AudioOff,37.1,37.102,8,6,12,28,3.261428571428571,1.2,56.86,2,4,24,5,13,50,50,56,3,Unpredictable,Off,29.6,33.0
P01,4,C4_VisualOff_AudioPredictable,47.11,47.113,8,11,22,38,2.8244736842105254,1.1949999999999998,65.38,3,3,57,10,22,43,50,49,4,Off,Predictable,37.6,38.5
P01,5,C5_VisualPredictable_AudioPredictable,32.05,32.054,8,5,10,26,4.1692307692307695,1.085,80.6,4,2,25,10,22,22,50,51,5,Predictable,Predictable,31.6,30.0
P01,6,C6_VisualUnpredictable_AudioPredictable,31.79,31.786,8,5,10,26,2.8423076923076924,1.145,44.63,3,4,20,11,23,52,50,52,6,Unpredictable,Predictable,31.2,34.666666666666664
P01,7,C7_VisualOff_AudioUnpredictable,50.99,50.993,8,13,26,42,2.5690476190476192,1.14,61.78,3,5,27,21,22,40,30,35,7,Off,Unpredictable,27.0,29.166666666666668
P01,8,C8_VisualPredictable_AudioUnpredictable,29.03,29.033,8,5,10,26,3.742692307692308,1.0750000000000002,70.51,4,4,20,11,30,55,50,55,8,Predictable,Unpredictable,33.2,36.833333333333336
P01,9,C9_VisualUnpredictable_AudioUnpredictable,39.07,39.068,8,9,18,34,2.5929411764705885,1.105,51.16,2,12,15,11,30,52,50,51,9,Unpredictable,Unpredictable,31.4,34.833333333333336
P02,1,C1_VisualOff_AudioOff,75.65,75.647,8,13,26,42,1.5209756097560976,1.48,2.49,1,5,55,20,70,30,56,59,1,Off,Off,52.0,48.333333333333336
P02,2,C2_VisualPredictable_AudioOff,47.46,47.456,8,8,16,32,3.84875,1.42,78.53,2,2,52,23,55,47,38,44,2,Predictable,Off,42.4,43.166666666666664
P02,3,C3_VisualUnpredictable_AudioOff,54.89,54.886,8,13,26,42,2.5004761904761907,1.21,52.57,2,4,61,56,61,41,42,63,3,Unpredictable,Off,56.6,54.0
P02,4,C4_VisualOff_AudioPredictable,43.04,43.045,8,10,20,36,2.491944444444444,1.185,49.03,3,3,56,43,65,35,46,61,4,Off,Predictable,54.2,51.0
P02,5,C5_VisualPredictable_AudioPredictable,38.96,38.963,8,8,16,32,2.2028125,1.225,34.01,4,2,57,41,69,40,45,61,5,Predictable,Predictable,54.6,52.166666666666664
P02,6,C6_VisualUnpredictable_AudioPredictable,42.9,42.902,8,9,18,34,2.16,1.2149999999999999,32.65,3,4,58,39,73,37,62,64,6,Unpredictable,Predictable,59.2,55.5
P02,7,C7_VisualOff_AudioUnpredictable,50.73,50.734,8,13,26,42,1.7973809523809523,1.1749999999999998,27.15,3,5,62,67,81,39,57,64,7,Off,Unpredictable,66.2,61.666666666666664
P02,8,C8_VisualPredictable_AudioUnpredictable,57.18,57.18,8,12,24,40,2.19475,1.32,32.85,4,4,58,63,73,35,69,69,8,Predictable,Unpredictable,66.4,61.166666666666664
P02,9,C9_VisualUnpredictable_AudioUnpredictable,59.3,59.296,8,16,32,48,1.6914583333333333,1.25,23.95,2,12,59,59,84,19,62,65,9,Unpredictable,Unpredictable,65.8,58.0
P03,1,C1_VisualOff_AudioOff,53.85,53.849,8,9,18,34,1.367878787878788,1.32,3.1,1,5,30,13,15,61,20,20,1,Off,Off,19.6,26.5
P03,2,C2_VisualPredictable_AudioOff,41.28,41.283,8,7,14,30,4.044999999999999,1.295,82.52,2,2,29,15,19,71,19,24,2,Predictable,Off,21.2,29.5
P03,3,C3_VisualUnpredictable_AudioOff,37.63,37.631,8,7,14,30,2.7136666666666667,1.32,46.05,2,4,36,20,20,35,35,35,3,Unpredictable,Off,29.2,30.166666666666668
P03,4,C4_VisualOff_AudioPredictable,34.41,34.408,8,6,12,28,2.638928571428571,1.2349999999999999,41.51,3,3,44,18,70,69,39,50,4,Off,Predictable,44.2,48.333333333333336
P03,5,C5_VisualPredictable_AudioPredictable,36.86,36.863,8,7,14,30,2.4933333333333327,1.245,40.17,4,2,60,21,71,79,61,61,5,Predictable,Predictable,54.8,58.833333333333336
P03,6,C6_VisualUnpredictable_AudioPredictable,35.83,35.834,8,7,14,30,2.3636666666666666,1.275,37.19,3,4,70,18,81,82,60,79,6,Unpredictable,Predictable,61.6,65.0
P03,7,C7_VisualOff_AudioUnpredictable,35.54,35.545,8,8,16,32,2.32125,1.12,40.66,3,5,51,19,59,67,39,61,7,Off,Unpredictable,45.8,49.333333333333336
P03,8,C8_VisualPredictable_AudioUnpredictable,36.94,36.938,8,6,12,28,2.781785714285714,1.2650000000000001,43.24,4,4,61,25,68,66,45,61,8,Predictable,Unpredictable,52.0,54.333333333333336
P03,9,C9_VisualUnpredictable_AudioUnpredictable,42.24,42.242,8,10,20,36,2.3283333333333336,1.25,43.51,2,12,76,20,81,30,66,86,9,Unpredictable,Unpredictable,65.8,59.833333333333336
P04,1,C1_VisualOff_AudioOff,59.65,59.646,8,14,28,44,1.2595348837209304,1.29,3.07,0,3,75,10,25,90,30,5,1,Off,Off,29.0,39.166666666666664
P04,2,C2_VisualPredictable_AudioOff,62.99,62.993,8,16,32,48,3.654375,1.36,116.6,1,2,75,9,10,100,35,5,2,Predictable,Off,26.8,39.0
P04,3,C3_VisualUnpredictable_AudioOff,59.48,59.483,8,16,32,48,3.262708333333333,1.17,102.17,1,2,75,10,25,60,35,10,3,Unpredictable,Off,31.0,35.833333333333336
P04,4,C4_VisualOff_AudioPredictable,49.53,49.535,8,17,34,50,2.5178,1.0750000000000002,79.42,1,3,75,30,10,45,60,10,4,Off,Predictable,37.0,38.333333333333336
P04,5,C5_VisualPredictable_AudioPredictable,53.77,53.774,8,18,36,52,2.4857692307692307,1.0950000000000002,78.57,2,2,85,20,11,50,85,55,5,Predictable,Predictable,51.2,51.0
P04,6,C6_VisualUnpredictable_AudioPredictable,48.46,48.457,8,15,30,46,2.7047826086956523,1.045,78.97,2,2,75,40,10,55,75,71,6,Unpredictable,Predictable,54.2,54.333333333333336
P04,7,C7_VisualOff_AudioUnpredictable,50.81,50.807,8,17,34,50,2.3326,1.0750000000000002,68.66,1,4,90,60,11,66,95,66,7,Off,Unpredictable,64.4,64.66666666666667
P04,8,C8_VisualPredictable_AudioUnpredictable,38.38,38.377,8,11,22,38,2.485789473684211,1.0950000000000002,58.81,2,3,90,70,10,40,95,75,8,Predictable,Unpredictable,68.0,63.333333333333336
P04,9,C9_VisualUnpredictable_AudioUnpredictable,42.35,42.354,8,14,28,44,2.471363636363636,1.0350000000000001,69.32,2,7,90,85,10,35,96,75,9,Unpredictable,Unpredictable,71.2,65.16666666666667
P05,1,C1_VisualOff_AudioOff,50.57,50.567,8,11,22,38,1.236756756756757,1.23,2.63,0,3,21,0,7,85,6,73,1,Off,Off,21.4,32.0
P05,2,C2_VisualPredictable_AudioOff,34.29,34.287,8,7,14,30,3.352666666666667,1.085,69.88,1,2,19,0,0,95,18,91,2,Predictable,Off,25.6,37.166666666666664
P05,3,C3_VisualUnpredictable_AudioOff,51.24,51.245,8,14,28,44,2.441363636363636,1.1749999999999998,60.33,1,2,32,31,20,30,35,62,3,Unpredictable,Off,36.0,35.0
P05,4,C4_VisualOff_AudioPredictable,58.1,58.096,8,17,34,50,2.1688,1.22,52.44,1,3,68,22,77,61,47,45,4,Off,Predictable,51.8,53.333333333333336
P05,5,C5_VisualPredictable_AudioPredictable,44.71,44.714,8,13,26,42,2.0380952380952384,1.085,42.85,2,2,36,19,34,71,32,77,5,Predictable,Predictable,39.6,44.833333333333336
P05,6,C6_VisualUnpredictable_AudioPredictable,69.43,69.434,8,21,42,58,1.8,1.225,36.61,2,2,84,39,93,30,92,35,6,Unpredictable,Predictable,68.6,62.166666666666664
P05,7,C7_VisualOff_AudioUnpredictable,30.98,30.978,8,6,12,28,2.951428571428571,1.1150000000000002,53.48,1,4,96,26,36,87,81,96,7,Off,Unpredictable,67.0,70.33333333333333
P05,8,C8_VisualPredictable_AudioUnpredictable,43.12,43.116,8,11,22,38,2.8486842105263146,1.125,67.07,2,3,98,31,87,76,92,68,8,Predictable,Unpredictable,75.2,75.33333333333333
P05,9,C9_VisualUnpredictable_AudioUnpredictable,41.37,41.373,8,11,22,38,2.0228947368421055,1.0750000000000002,37.51,2,7,96,26,80,71,87,59,9,Unpredictable,Unpredictable,69.6,69.83333333333333
P06,1,C1_VisualOff_AudioOff,37.98,37.979,8,6,12,28,1.3129629629629629,1.25,2.05,0,3,35,10,70,94,30,20,1,Off,Off,33.0,43.166666666666664
P06,2,C2_VisualPredictable_AudioOff,57.52,57.523,8,11,22,38,4.9418421052631585,1.335,136.32,1,2,44,20,74,83,35,36,2,Predictable,Off,41.8,48.666666666666664
P06,3,C3_VisualUnpredictable_AudioOff,38.91,38.907,8,8,16,32,3.8649999999999993,1.16,87.17,1,2,29,19,66,85,20,15,3,Unpredictable,Off,29.8,39.0
P06,4,C4_VisualOff_AudioPredictable,53.52,53.522,8,13,26,42,2.7485714285714287,1.2850000000000001,64.6,1,3,60,20,75,64,65,40,4,Off,Predictable,52.0,54.0
P06,5,C5_VisualPredictable_AudioPredictable,40.32,40.32,8,9,18,34,2.690588235294118,1.205,54.16,2,2,50,20,65,70,40,40,5,Predictable,Predictable,43.0,47.5
P06,6,C6_VisualUnpredictable_AudioPredictable,51.19,51.19,8,14,28,44,2.4145454545454546,1.16,57.4,2,2,58,21,70,50,45,45,6,Unpredictable,Predictable,47.8,48.166666666666664
P06,7,C7_VisualOff_AudioUnpredictable,36.48,36.476,8,8,16,32,2.5659375000000004,1.145,47.74,1,4,35,20,55,75,35,31,7,Off,Unpredictable,35.2,41.833333333333336
P06,8,C8_VisualPredictable_AudioUnpredictable,37.32,37.317,8,8,16,32,2.9796875,1.15,60.53,2,3,40,20,65,75,25,30,8,Predictable,Unpredictable,36.0,42.5
P06,9,C9_VisualUnpredictable_AudioUnpredictable,39.6,39.604,8,8,16,32,3.0512499999999996,1.17,60.78,2,4,45,20,75,72,35,45,9,Unpredictable,Unpredictable,44.0,48.666666666666664
P07,1,C1_VisualOff_AudioOff,71.1,71.099,8,9,18,34,1.7148484848484848,1.44,7.04,0,3,15,5,0,95,12,0,1,Off,Off,6.4,21.166666666666668
P07,2,C2_VisualPredictable_AudioOff,82.26,82.262,8,17,34,50,3.8498,1.375,118.52,1,2,20,10,2,95,22,90,2,Predictable,Off,28.8,39.833333333333336
P07,3,C3_VisualUnpredictable_AudioOff,59.93,59.931,8,12,24,40,4.29925,1.385,118.42,1,2,20,10,2,95,14,95,3,Unpredictable,Off,28.2,39.333333333333336
P07,4,C4_VisualOff_AudioPredictable,41.62,41.625,8,9,18,34,3.0976470588235294,1.27,66.45,1,3,10,10,2,97,10,92,4,Off,Predictable,24.8,36.833333333333336
P07,5,C5_VisualPredictable_AudioPredictable,41.69,41.692,8,8,16,32,3.190625,1.295,63.13,2,2,10,10,2,97,10,90,5,Predictable,Predictable,24.4,36.5
P07,6,C6_VisualUnpredictable_AudioPredictable,59.13,59.128,8,14,28,44,2.953181818181818,1.3,73.72,2,2,11,10,3,89,19,90,6,Unpredictable,Predictable,26.6,37.0
P07,7,C7_VisualOff_AudioUnpredictable,43.33,43.33,8,10,20,36,2.761666666666667,1.17,58.92,1,4,10,10,1,96,15,92,7,Off,Unpredictable,25.6,37.333333333333336
P07,8,C8_VisualPredictable_AudioUnpredictable,40.64,40.636,8,9,18,34,2.9373529411764703,1.18,62.41,2,3,10,10,0,97,10,97,8,Predictable,Unpredictable,25.4,37.333333333333336
P07,9,C9_VisualUnpredictable_AudioUnpredictable,35.77,35.771,8,7,14,30,3.151666666666667,1.1549999999999998,62.63,2,7,10,10,0,97,10,97,9,Unpredictable,Unpredictable,25.4,37.333333333333336
P08,1,C1_VisualOff_AudioOff,48.62,48.622,8,5,10,26,1.7575999999999998,1.62,3.56,0,3,68,17,50,72,50,30,1,Off,Off,43.0,47.833333333333336
P08,2,C2_VisualPredictable_AudioOff,43.31,43.308,8,6,12,28,3.7107142857142854,1.38,63.99,1,2,65,17,62,69,67,41,2,Predictable,Off,50.4,53.5
P08,3,C3_VisualUnpredictable_AudioOff,48.77,48.775,8,7,14,30,3.1326666666666667,1.4249999999999998,48.83,1,2,77,30,63,50,72,50,3,Unpredictable,Off,58.4,57.0
P08,4,C4_VisualOff_AudioPredictable,44.16,44.159,8,7,14,30,2.8970000000000002,1.375,46.0,1,3,71,30,69,61,61,50,4,Off,Predictable,56.2,57.0
P08,5,C5_VisualPredictable_AudioPredictable,49.63,49.634,8,9,18,34,2.6714705882352945,1.435,43.88,2,2,72,23,67,50,58,39,5,Predictable,Predictable,51.8,51.5
P08,6,C6_VisualUnpredictable_AudioPredictable,35.79,35.788,8,4,8,24,2.9125,1.34,37.39,2,2,50,25,67,69,64,42,6,Unpredictable,Predictable,49.6,52.833333333333336
P08,7,C7_VisualOff_AudioUnpredictable,33.91,33.906,8,5,10,26,2.5626923076923074,1.2650000000000001,35.11,1,4,50,19,57,69,50,31,7,Off,Unpredictable,41.4,46.0
P08,8,C8_VisualPredictable_AudioUnpredictable,34.24,34.238,8,4,8,24,2.5995833333333334,1.3250000000000002,30.61,2,3,58,19,50,69,44,34,8,Predictable,Unpredictable,41.0,45.666666666666664
P08,9,C9_VisualUnpredictable_AudioUnpredictable,38.33,38.33,8,6,12,28,2.6482142857142854,1.25,38.64,2,7,60,20,59,50,57,41,9,Unpredictable,Unpredictable,47.4,47.833333333333336
